title,actual,predicted
christ appears roman court contest riot charges,Onion Article,Real Article
russian man recalls oppressive days communism one could speak freely protest government,Onion Article,Real Article
disillusioned hacker starting feel like impact american presidential election,Onion Article,Real Article
news critical intervention begun conducting emergency airdrops female contraceptives deep inside united states,Onion Article,Real Article
mike pence struggling reckon vision prophet muhammad revealing vp destined become next president,Onion Article,Real Article
national parks closed annual remajestification,Onion Article,Real Article
report puerto rico situation remains dire despite months help whatsoever,Onion Article,Real Article
iranian students feel robbed american dreams,Real Article,Onion Article
american classmates difficulty understanding better educated foreign exchange student,Onion Article,Real Article
dozens countries interfered election annoyed russia getting credit,Onion Article,Real Article
disheartened man expected least one text checking phone flight,Onion Article,Real Article
pope medellin recalls memory narco wars,Real Article,Onion Article
first amendment experts warn facebook banning infowars could set completely reasonable precedent free speech,Onion Article,Real Article
yellowstone cuts funding program provide hibernating bears sleeping caps,Onion Article,Real Article
trump unpredictability already troubles friends,Real Article,Onion Article
prison economy spirals price pack cigarettes surpasses two handjobs,Onion Article,Real Article
less popular friend proposes combining birthdays single party,Onion Article,Real Article
news taking precautions donald trump teeth cabinet members removed bite,Onion Article,Real Article
best path gary johnson asks campaign aides packing office,Onion Article,Real Article
trump maps plan first days conceding election,Onion Article,Real Article
lightning bolt blasts washington monument mike pence pete buttigieg locked battle prayers national mall,Onion Article,Real Article
charlie hebdo attack,Onion Article,Real Article
devotees visit ihop get foreheads marked syrup cross national pancake day,Onion Article,Real Article
washington post offers free articles fact check per month,Onion Article,Real Article
copy editors killed ongoing ap style chicago manual gang violence,Onion Article,Real Article
greece solve debt crisis,Onion Article,Real Article
sighing trump sexual assault accusers announce try coming forward next week,Onion Article,Real Article
team fortress poster mistaken us propaganda russian state television,Onion Article,Real Article
kremlin agent even going bother trying compromise trump staffer forced resign months,Onion Article,Real Article
thai soccer player still waiting parents pick,Onion Article,Real Article
gop vote gut ethics panel quickly rescinded,Onion Article,Real Article
team trump asks george washington portrait,Onion Article,Real Article
weebs right conceal carry within vr chat,Onion Article,Real Article
nation back alleys working expand available services anticipation trumpcare bill becoming law,Onion Article,Real Article
mapping ozzy genome,Onion Article,Real Article
climate change report provides locations weapons current whereabouts oil executives,Onion Article,Real Article
paul ryan awaiting soulcycle instructor approval accepting speaker role,Onion Article,Real Article
ask college professor trouble audiovisual equipment,Onion Article,Real Article
warns trump may months away acquiring nuclear weapons,Onion Article,Real Article
fake news trump presides turbulent news conference,Real Article,Onion Article
colleges could prosper trump barron,Real Article,Onion Article
ceo special knack recognizing great ideas ruining,Onion Article,Real Article
obama transformed monster president doused chemical,Onion Article,Real Article
pope francis holds sex abuse summit,Onion Article,Real Article
really sums crisis gaza nicely,Onion Article,Real Article
revelations trump financial documents,Onion Article,Real Article
voyager probe badly damaged smashing end universe,Onion Article,Real Article
new rnc ad endorses roy moore scumbag scumbag,Onion Article,Real Article
alex delarge forced step leader droogs amidst allegations sexual misconduct,Onion Article,Real Article
obama declaration swine flu emergency prompts republican response,Onion Article,Real Article
top uses artificial intelligence,Onion Article,Real Article
unidentified wooden pole leaning garage wall,Onion Article,Real Article
leaked documents reveal studio executives knew gods egypt released onto public,Onion Article,Real Article
department education hires art teacher spread evenly across public schools,Onion Article,Real Article
hard times hit springsteenville,Onion Article,Real Article
redskins kike owner refuses change team offensive name,Onion Article,Real Article
bad mike pence reports conditions detainment center hazmat suit disinfected,Onion Article,Real Article
looking back worst days donald trump presidency,Onion Article,Real Article
news bold new strategy donate clinton campaign hillary clinton come house bury mattress ground,Onion Article,Real Article
jeff flake delivers searing critical applause trump state union,Onion Article,Real Article
frothing alex jones claims sexual harassment part worldwide imbalance gender power dynamics,Onion Article,Real Article
free hidden services,Onion Article,Real Article
sean spicer show white house spokesman brief season,Real Article,Onion Article
kerry downs another vodka shot last putin security detail passes,Onion Article,Real Article
justin bieber rampage may links terrorism analysts warn,Onion Article,Real Article
make war iraq,Onion Article,Real Article
cuban army honors fidel castro firing squad,Onion Article,Real Article
republicans vote repeal bill would destroy asteroid headed earth,Onion Article,Real Article
man family rises fourth priority,Onion Article,Real Article
silicon valley startup seeks change way women flee tech industry,Onion Article,Real Article
religion triggers brain reward centers,Onion Article,Real Article
top inventions century,Onion Article,Real Article
americans take brief break waiting hold insurance providers celebrate obamacare ruling,Onion Article,Real Article
bernie sanders greets supporters session posture coach,Onion Article,Real Article
denver flaming skull mayor announces plans decriminalize magic mushrooms,Onion Article,Real Article
chinese officials respond nba controversy moving millions citizens nhl camps,Onion Article,Real Article
realtor expecting questions water pressure,Onion Article,Real Article
zach braff alyssa milano call trump far effectively pivoting politics save floundering career,Onion Article,Real Article
kids rejoice end net neutrality means return speeds,Onion Article,Real Article
trump supporter backup scapegoats ready go case crackdown immigrants fix everything,Onion Article,Real Article
secret service shuts unofficial white house tour operation,Onion Article,Real Article
confident philadelphia officials preemptively raze center city make room amazon headquarters,Onion Article,Real Article
texans brace president response hurricane,Onion Article,Real Article
agile dynamic company able respond challenge laying half staff,Onion Article,Real Article
saudi prince visits injured yemeni child hospital finish job,Onion Article,Real Article
obama upholds tradition releasing summer kill list,Onion Article,Real Article
ice agents hurl pregnant immigrant mexican border prevent birth soil,Onion Article,Real Article
clinton clear trump friends people magazine,Real Article,Onion Article
outback employees return mandatory walkabout australian wilderness,Onion Article,Real Article
forces take control white house,Onion Article,Real Article
blog attain yelp elite status could stand idly situation yemen deteriorates,Onion Article,Real Article
beer summit president trump invited racist nyc lawyer woman yelled white house lawyer finish yelling,Onion Article,Real Article
campaign setback gary johnson phone almost data,Onion Article,Real Article
trump unveils exclusive double press room select journalists,Onion Article,Real Article
bolton calls forceful iranian response continuing aggression,Onion Article,Real Article
cnn fire failing disclose war panelist actually raytheon deepstrike missile,Onion Article,Real Article
authorities say country still active shooter situation,Onion Article,Real Article
news hypocritical spending costs million month secret service protect donald trump accidentally killing bathroom,Onion Article,Real Article
poll americans hope cataclysmic event wiping humanity big tidal wave,Onion Article,Real Article
msnbc poll finds support bernie sanders plummeted points,Onion Article,Real Article
horoscopes week march,Onion Article,Real Article
al franken pledges make sexist behavior course next four senate terms,Onion Article,Real Article
australia invests million protect great barrier reef,Onion Article,Real Article
graphic account hulk hogan sex tape read florida court,Real Article,Onion Article
democrats unveil million new slogans appeal resident individually,Onion Article,Real Article
thornton arkansas congressman figured nixon impeachment dies,Real Article,Onion Article
john kerry scrambles stop sequence russian oligarch taunts bank monitors,Onion Article,Real Article
netanyahu assures critics still utmost respect money,Onion Article,Real Article
glossary terms,Onion Article,Real Article
toughens image umlauts,Onion Article,Real Article
working home working office,Onion Article,Real Article
news second chance restaurant gives jobs exclusively broken jail,Onion Article,Real Article
home russian hackers manipulate recipe vaccines,Onion Article,Real Article
new bomb capable creating new terrorists single blast,Onion Article,Real Article
convict sentenced generating profits private prison,Onion Article,Real Article
bold new rebrand military new official slogan toot toot honk honk army,Onion Article,Real Article
william barr declares mueller investigation fully exonerates members reagan administration involvement,Onion Article,Real Article
naked donald trump statue auction could fetch,Real Article,Onion Article
news move netflix hulu secured exclusive rights stream helen mirren death,Onion Article,Real Article
timeline american education system,Onion Article,Real Article
student held north korea died oxygen starved brain coroner,Real Article,Onion Article
koch brothers get election christmas,Onion Article,Real Article
asked survivors chilean mine disaster worst mine disaster ever experienced,Onion Article,Real Article
jake hyland kansas city mo chosen nation designated survivor case rest country wiped presidential address,Onion Article,Real Article
trump plans improve america cybersecurity,Onion Article,Real Article
bangor police bring stephen king help track demonic car killed woman,Onion Article,Real Article
trump vows bring back ohio town white castle,Onion Article,Real Article
habitat humanity investigated working conditions laborer collapses site,Onion Article,Real Article
mississippi church burned vandalized trump,Real Article,Onion Article
justin trudeau responds blackface criticism new triggered campaign slogan,Onion Article,Real Article
pence tells america first mean america alone,Real Article,Onion Article
french president pledges rebuild notre dame years,Onion Article,Real Article
weak exhausted nancy pelosi given saline drip following attempt stand firm convictions,Onion Article,Real Article
news commitment safety garmin gps systems reroute cars avoid wasps,Onion Article,Real Article
news dispelling health concerns hillary clinton ripped femur stage proved unbreakable,Onion Article,Real Article
n u g g l e p,Onion Article,Real Article
boss wants friendly relaxed company culture place friday,Onion Article,Real Article
man existential terror country slide towards authoritarianism sublimated campaign get journalist fired tweet,Onion Article,Real Article
tom izzo calls spartans best team ever threatened violence,Onion Article,Real Article
timeline gun laws america,Onion Article,Real Article
deadly super rainbow lol,Onion Article,Real Article
guards gun four angels escaping heaven,Onion Article,Real Article
finland aims,Onion Article,Real Article
caitlyn jenner bravely stands trans people unlimited resources,Onion Article,Real Article
ted cruz worried good countries wall taken candidates,Onion Article,Real Article
world cup enforce false construct borders imposed us ruling elite,Onion Article,Real Article
sale bet white supremacist group results changes programming,Onion Article,Real Article
scientists continue developing alternative energy sources americans waste,Onion Article,Real Article
police race scene car alarm,Onion Article,Real Article
stunning map shows much iraq syria vice controls,Onion Article,Real Article
sean spicer given press secretary answer media questions controversial statements,Onion Article,Real Article
nonessential government employee gets back work,Onion Article,Real Article
luke owen wilson recall meeting set royal tenenbaums,Onion Article,Real Article
charles koch orders sniper fire warning shot next marco rubio debate stage,Onion Article,Real Article
exxonmobil vows lenient treatment species surrenders voluntarily,Onion Article,Real Article
convention crowd really hoping bill clinton breaks tension joke terrible looks,Onion Article,Real Article
hold snake owner reports,Onion Article,Real Article
people princess britons work keep memory alive,Real Article,Onion Article
timeline tvs microwaves white house tries explain wiretapping charge,Real Article,Onion Article
frontier airlines tells customers fucking deal,Onion Article,Real Article
man believe obama would use tragedy push agenda,Onion Article,Real Article
puerto ricans without power month assume leading story across national news media,Onion Article,Real Article
protect son everything lock svalbard global seed vault narrowed threat seeds,Onion Article,Real Article
enough enough time politicians ask nra permission enact modest gun control measures,Onion Article,Real Article
fema frantically prepares apology screwing hurricane florence response,Onion Article,Real Article
greece demands iran pay billion euros reparations wars,Onion Article,Real Article
rex tillerson blindsided news still works state department,Onion Article,Real Article
white house press corps wishes show solidarity banned reporter could better news organization cnn,Onion Article,Real Article
obama gently guides michelle hand maneuvers drone joystick,Onion Article,Real Article
lindsey graham gazes longingly happy rubio campaign workers window,Onion Article,Real Article
driver kills prominent member deer community,Onion Article,Real Article
tips handling social anxieties,Onion Article,Real Article
firebrand john mccain demands immediate investigation remaining complicit,Onion Article,Real Article
gop makes good promise block president healthcare bill,Onion Article,Real Article
report san francisco shut doors rising rent,Onion Article,Real Article
news effort military asking enemy combatants file report suspect american soldier shooting might trans,Onion Article,Real Article
sebastian gorka welcomed halfway house fired trump administration members,Onion Article,Real Article
war destabilize entire mideast region set global shockwave march,Onion Article,Real Article
fda defends decision reclassify alternative milks nut sweat,Onion Article,Real Article
scientists ask congress fund billion science thing,Onion Article,Real Article
paul ryan comments donald trump make next months regrettable,Onion Article,Real Article
fashion designers announce plans wave hands bow slightly,Onion Article,Real Article
israeli prime minister indicted charges bribery fraud,Onion Article,Real Article
review crash team racing delivers speed savagery fun felt since third dui,Onion Article,Real Article
disgusted supreme court believe rule sex american flag protected first amendment,Onion Article,Real Article
sessions drops pile weapons prison yard ordering inmates reduce overcrowding,Onion Article,Real Article
world stateless deserve nationality unhcr,Real Article,Onion Article
companies going green,Onion Article,Real Article
obama returns trade summit stout ships full cardamom silk indigo,Onion Article,Real Article
jeffrey epstein offers court million child pornography collection bail,Onion Article,Real Article
deadly super rainbow tears west coast,Onion Article,Real Article
set hottest year record,Onion Article,Real Article
wedding experts say engagement ring cost least three diamond miners lives,Onion Article,Real Article
coast guard terror suspect released cell needed nonviolent drug user,Onion Article,Real Article
theresa may puts headphones hear english translation trump address,Onion Article,Real Article
virginia governor calls state move past racist legacy last weeks,Onion Article,Real Article
overworked pajama bottoms pray owner gets job soon,Onion Article,Real Article
hackers steal data websites,Onion Article,Real Article
alabama cracks abortions outlawing medical procedures,Onion Article,Real Article
dea recruits lil wayne use drugs mexico,Onion Article,Real Article
made days without spending dime,Onion Article,Real Article
public assured escaped convict years rehabilitation belt,Onion Article,Real Article
must see heartbreaking gary johnson received rejection letter president united states,Onion Article,Real Article
extension cord stage steals spotlight jeb bush campaign rally,Onion Article,Real Article
computer hacker break encryption shield uploading,Onion Article,Real Article
honda civic refusing start engine solidarity striking uber workers,Onion Article,Real Article
unlikely team allies unite take airport gate agent,Onion Article,Real Article
trump touched us inappropriately two women tell new york times,Real Article,Onion Article
obama dark trump vision really jibe facts,Real Article,Onion Article
proud billionaire helps young son open first offshore bank account,Onion Article,Real Article
springsteen tribute band drops inauguration,Onion Article,Real Article
congressman attempt living military budget one month,Onion Article,Real Article
alex jones warns fans quitting supplements cold turkey lead homosexuality judaism,Onion Article,Real Article
nuclear warhead thrilled chance finally escape north korea,Onion Article,Real Article
overworked prosecutor thinking taking police brutality case little vacation,Onion Article,Real Article
lost luggage mischievous singapore handler sent bags astray world best airport,Real Article,Onion Article
join priesthood,Onion Article,Real Article
syria conflict intensifies bears enter war,Onion Article,Real Article
paul ryan discovers escape tunnel leading speaker office,Onion Article,Real Article
stock market soars investors decide would fun thing make happen today,Onion Article,Real Article
ed sheeran announces plan give public break music,Onion Article,Real Article
poll finds majority americans approve child labor laws agree kids carrying briefcases would cute,Onion Article,Real Article
yemen unveils new drone zapper,Onion Article,Real Article
epa rolls back emissions standards increase consumer choice type apocalyptic hellscape earth become,Onion Article,Real Article
life least depressing rest areas stop driving another state get abortion,Onion Article,Real Article
jussie smollett arrives court wearing cast,Onion Article,Real Article
dnc criticized overly restrictive debate rules requiring candidates least one policy position,Onion Article,Real Article
manifesto calls fellow white americans rise maintain status quo,Onion Article,Real Article
trump promises continue recognize preserve palestinians historic refugee camps,Onion Article,Real Article
congress reaches compromise admit district columbia union slave state,Onion Article,Real Article
mike pence disappointed husbands fathers permitted women attend march,Onion Article,Real Article
memorial honors victims imminent dam disaster,Onion Article,Real Article
news final countdown hours left tommy lee jones turns legal sex,Onion Article,Real Article
thousands cheering americans packed park ted cruz concession speech,Onion Article,Real Article
impatient raytheon declares war north korea,Onion Article,Real Article
fcc chair unveils premium comment line net neutrality complaints per month,Onion Article,Real Article
trump approval rating surges immediately following nancy pelosi opening impeachment proceedings,Onion Article,Real Article
voters glad got hope politicians system next election cycle two,Onion Article,Real Article
expect gop debate,Onion Article,Real Article
pope francis pursues sinner across vatican city rooftops,Onion Article,Real Article
marketing strategist named new united states pr laureate,Onion Article,Real Article
congress passes bill add armed patrol poverty line,Onion Article,Real Article
republicans expose obama college plan plot make people smarter new yorker,Onion Article,Real Article
veteran told offends,Onion Article,Real Article
supreme court votes legalize worldly vices,Onion Article,Real Article
clinton plo terrorists girl,Onion Article,Real Article
chris brown refuses victim australia minister women,Onion Article,Real Article
melania trump rnc speech produces tv audience,Real Article,Onion Article
vladimir putin begins second term whatever,Onion Article,Real Article
new religious freedom bill gives small business owners right annul gay marriage,Onion Article,Real Article
determined tour de france biker finishes stage opponent stuck spokes,Onion Article,Real Article
roy moore refusing withdraw alabama,Onion Article,Real Article
couple threatens divorce gay marriage legalized,Onion Article,Real Article
fear means harm says elizabeth warren revealing docile hillary clinton crowd,Onion Article,Real Article
new louisiana abortion law requires fetuses given jazz funeral march french quarter,Onion Article,Real Article
assad vows swift retaliation syrian civilians response missile strike,Onion Article,Real Article
new climate change report list years country becomes uninhabitable,Onion Article,Real Article
unpopular police officer thinking committing racially motivated offense little support,Onion Article,Real Article
cnn technicians rush empty wolf blitzer urine tank midway election coverage,Onion Article,Real Article
million baby boomers abscond fiji draining nation social security medicare accounts,Onion Article,Real Article
news shots fired spalding warned tropicana never breed oranges even close size basketballs,Onion Article,Real Article
airport security raked nearly loose change last year,Onion Article,Real Article
help relax forget online video chat free registration,Onion Article,Real Article
americans lost faith government due parties failed promises blow mt rushmore,Onion Article,Real Article
idk,Onion Article,Real Article
department labor study confirms job demanding,Onion Article,Real Article
election record number women nominees,Onion Article,Real Article
giuliani demands mueller wrap investigation imprison president september,Onion Article,Real Article
drawing big blank year terror attacks occurred,Onion Article,Real Article
world urges israelis palestinians focus mutual hatred region peoples,Onion Article,Real Article
local dipshit planning fighting trump administration art,Onion Article,Real Article
doomsday clock pushed one minute midnight arby threatens launch beef n bacon melt,Onion Article,Real Article
george bush make first appearance brother jeb,Real Article,Onion Article
obamas donated less charities income slipped,Real Article,Onion Article
lawyers identify dozens bill cosby victims interviewing potential jurors,Onion Article,Real Article
ecologists urge birds avert global decline insects adopting diet,Onion Article,Real Article
news hope gop nude paul ryan emerged ayahuasca tent visions new republican party,Onion Article,Real Article
nation edge court votes whether legalize gay marriage years,Onion Article,Real Article
migrants reach europe,Onion Article,Real Article
repressing freedom china censoring amir jake amir videos citizens idolize slothful imbecile ways,Onion Article,Real Article
yes boy obama returns indonesia family vacation,Real Article,Onion Article
supreme court justices gather chambers receive latest mission large talking head justice john marshall,Onion Article,Real Article
official photo released mark wedding anniversary queen elizabeth,Real Article,Onion Article
iowa fashion week begins,Onion Article,Real Article
paul giamatti cuts back acting focus signature line shapeless khakis rumpled polos,Onion Article,Real Article
clickhole updating privacy policy,Onion Article,Real Article
want substantive democratic debate lie thousands americans hungry unhinged trainwreck,Onion Article,Real Article
officials struggling condense trump intelligence briefing one word,Onion Article,Real Article
internship poised biggest comedy,Onion Article,Real Article
dozens dead meatwave,Onion Article,Real Article
obama health still using nicotine gum doctor,Real Article,Onion Article
hillary asks bill still finds electable,Onion Article,Real Article
ayahuasca shaman dreading another week guiding tech ceos spiritual oneness,Onion Article,Real Article
schlubs china meet talks,Onion Article,Real Article
god cites mysterious ways motive killing papua new guineans,Onion Article,Real Article
fidel castro dies,Onion Article,Real Article
report suggests stalin one great purge away creating communist utopia,Onion Article,Real Article
celebrity arbitrarily hate next,Onion Article,Real Article
rock caliphate charity concert features ed sheeran dua lipa coming together raise money struggling islamic state,Onion Article,Real Article
jared kushner claims russian interference less damaging democracy saudi arabia nepotism israel cambridge analytica uae illicit donations erik prince bill barr financial entanglements,Onion Article,Real Article
mormon tabernacle choir member resigns rather sing trump,Real Article,Onion Article
germany running beer bottles,Onion Article,Real Article
news taking stand congress passed bill making illegal sell firearms las vegas shooter,Onion Article,Real Article
gaining momentum marine le pen surging polls pledging restrict france population frenchest people earth,Onion Article,Real Article
twitter announces trending topics today,Onion Article,Real Article
netanyahu provides stunning new evidence iranians planned sacking babylon,Onion Article,Real Article
parallel world leaders meet washington interdimensional summit,Onion Article,Real Article
depression strained finances combine forces produce grotesque culinary abomination,Onion Article,Real Article
butt jokes,Onion Article,Real Article
authorities warn denver residents direct path hurricane alba,Onion Article,Real Article
obamacare gop new health plan,Onion Article,Real Article
dubai unveils plans world largest human rights violation,Onion Article,Real Article
trump tells congress story america,Onion Article,Real Article
russian officials scrambling plan delegitimize western democracy moving way faster intended,Onion Article,Real Article
trump gives boy scouts jamboree taste washington politics,Real Article,Onion Article
trump says north korea problem taken care,Real Article,Onion Article
senator troubled home state repeatedly acting congress,Onion Article,Real Article
heritage foundation lowers another retired gop senator vat strategists,Onion Article,Real Article
judge book cover town scared undead clown chops people apart axe learned kills committed sin lust,Onion Article,Real Article
biden unveils new health initiative make women hotter,Onion Article,Real Article
paul ryan sitting among undecided voters town hall debate,Onion Article,Real Article
suicide letter full simpsons references,Onion Article,Real Article
isis adds violent white supremacists bid get rescind terrorist designation,Onion Article,Real Article
ethical hunter throws duck shot back sky,Onion Article,Real Article
republicans plan repeal replace obamacare,Onion Article,Real Article
news part nba housing syrian refugees whichever half court played,Onion Article,Real Article
,Onion Article,Real Article
dnc leaders bury heads hands new moderate presidential recruit immediately walks oncoming traffic,Onion Article,Real Article
new six flags ride based relationship deborah,Onion Article,Real Article
environmental study finds air chicago bullets,Onion Article,Real Article
troops draw exit strategy,Onion Article,Real Article
china unable recruit hackers fast enough keep vulnerabilities security systems,Onion Article,Real Article
reasons would mistake democrats nominate jason voorhees,Onion Article,Real Article
white supremacists warn idealistic trump compromise necessary achieve goals,Onion Article,Real Article
possible voter suppression lots laser tag places still open today,Onion Article,Real Article
trump vows leave better afghanistan nation grandchildren fight,Onion Article,Real Article
senate votes overturn trump emergency declaration,Onion Article,Real Article
new epa regulations would force power plants find loopholes,Onion Article,Real Article
election could go ways,Onion Article,Real Article
report happiness measurably increase based zipline ownership family owns ziplines,Onion Article,Real Article
thousands wait overnight microsoft stores second generation zune,Onion Article,Real Article
idf soldier recounts harrowing heroic war story killing child,Onion Article,Real Article
cambridge analytica offers facebook user data blowout closing sale,Onion Article,Real Article
attention showtime clickhole audition take admin official dexter facebook twitter accounts,Onion Article,Real Article
line item aetna insurance bill paying ceo yacht,Onion Article,Real Article
new call duty praised depicting grim harrowing fun killing civilians,Onion Article,Real Article
trump asks entire senate clear chamber speak comey alone,Onion Article,Real Article
neil gorsuch vows interpret constitution using scalia original intent,Onion Article,Real Article
fingerprints lombardi trophy used dozens criminal investigations,Onion Article,Real Article
honor vatican latest announcement,Onion Article,Real Article
poll bullshit important issue voters,Onion Article,Real Article
dnc takes ad thanking alabama white voters,Onion Article,Real Article
patriothole president trump needs stop retweeting videos posted british bigots start retweeting videos posted american bigots,Onion Article,Real Article
older brother accused prisoner abuse,Onion Article,Real Article
life reasons quit job travel world maybe point swinging indonesia help climb quarry,Onion Article,Real Article
cap n crunch commercials cap n crashes ship house starts going drawers without crunchatizing anyone,Onion Article,Real Article
turkey pardon mishap results accidental release serial rapist,Onion Article,Real Article
clinton book says trump debate stalking made skin crawl,Real Article,Onion Article
american voices britain votes leave eu,Onion Article,Real Article
shoddy stock market collapses,Onion Article,Real Article
neapolitan pizza making wins world heritage status,Real Article,Onion Article
trump preemptively tells melania give kidney,Onion Article,Real Article
hacks get chipotle order,Onion Article,Real Article
north korean defector says kim last,Onion Article,Real Article
unimaginable horror girl special needs allegedly raped school teacher aide persuaded act bait catch accused sexual predator fellow student,Onion Article,Real Article
greek prime minister unfriends angela merkel facebook,Onion Article,Real Article
slamming boss wall shouting cash need cash still leading tactic securing raise,Onion Article,Real Article
naked dripping wet tom brady thrilled judge decision overturn suspension imagines judge,Onion Article,Real Article
martin shkreli faces rough stay prison system inmates funded hair theft lowest caste,Onion Article,Real Article
american airlines flight headed back gate woman suspected professor sitting next writing math equations terrorist,Onion Article,Real Article
eric trump scolds father inquire businesses sworn tell,Onion Article,Real Article
new bill would limit abortion cases procedure necessary save promising political career,Onion Article,Real Article
friend dishonorably discharged navigation duties missing exit,Onion Article,Real Article
file patent,Onion Article,Real Article
anthony weiner sends apology sext entire clinton campaign,Onion Article,Real Article
wise oracle proclaims barbecue felt raindrop,Onion Article,Real Article
authorities struggling keep squatters empty state department,Onion Article,Real Article
ben carson showed humorous side thursday pulling joke media giving speech summarized getting scalpels making,Onion Article,Real Article
sees record number films,Onion Article,Real Article
rescued couple reunited family receiving medical attention,Real Article,Onion Article
mueller poses fox news host coax rudy giuliani giving testimony trump,Onion Article,Real Article
gay rights movement america timeline,Onion Article,Real Article
dan coats lifts junior senator onto shoulders give better view state union,Onion Article,Real Article
gop officials urge calmer reasonable death threats toward kavanaugh accuser,Onion Article,Real Article
construction workers push bodies finish olympic stadiums time,Onion Article,Real Article
new york times rehires judith miller cover escalating iran tensions,Onion Article,Real Article
finland pay citizens basic income,Onion Article,Real Article
sesame lobbyists cheer warmer welcome trump white house,Real Article,Onion Article
house democrats issue condemnation ukraine making harder avoid impeaching trump,Onion Article,Real Article
assault rifle iraq losing track many times switched sides war,Onion Article,Real Article
blowjobless rate high,Onion Article,Real Article
case kerry give case demands malaysian ambassador holding dangling john kerry petronas towers skybridge,Onion Article,Real Article
pentagon announces plan cover cost hormone treatment servicemembers doubling biological sex,Onion Article,Real Article
funneling arms dissident angel group effort topple god,Onion Article,Real Article
jeb bush assures thugs delegates promised next week,Onion Article,Real Article
paul ryan slits auto mechanic throat kick gop purge working class,Onion Article,Real Article
news latest attack russian hackers gained full control lincoln memorial legs,Onion Article,Real Article
must see heartbreaking rex tillerson spent morning boxing oil state department office,Onion Article,Real Article
fancy revolution try yearning ice cream,Real Article,Onion Article
must restore rule law says trump aides pass revolvers audience,Onion Article,Real Article
keith richards found dead san francisco hotel,Onion Article,Real Article
dakota access pipeline blocked,Onion Article,Real Article
biggest emmy nomination snubs satire,Onion Article,Real Article
opening staff rails incompetence closing staff,Onion Article,Real Article
daring bush returns egypt crystal skull,Onion Article,Real Article
